{"cameraMode":{"drawMode":0,"name":"Shaded","section":"Shading Mode"},"sceneLighting":true,"audioPlay":false,"sceneViewState":{"showFog":true,"showMaterialUpdate":false,"showSkybox":true,"showFlares":true,"showImageEffects":true,"showParticleSystems":true},"in2DMode":false,"pivot":{"x":-19.411035537719728,"y":88.35784149169922,"z":48.184852600097659},"rotation":{"x":0.21432341635227204,"y":0.002930192742496729,"z":-0.000642975966911763,"w":0.9767585396766663},"size":5.390406608581543,"orthographic":false}