{"cameraMode":{"drawMode":0,"name":"Shaded","section":"Shading Mode"},"sceneLighting":true,"audioPlay":false,"sceneViewState":{"showFog":true,"showMaterialUpdate":false,"showSkybox":true,"showFlares":true,"showImageEffects":true,"showParticleSystems":true},"in2DMode":false,"pivot":{"x":-28.176389694213868,"y":80.77039337158203,"z":40.863956451416019},"rotation":{"x":0.10166844725608826,"y":0.16043446958065034,"z":-0.01661628670990467,"w":0.9816572666168213},"size":2.1958189010620119,"orthographic":true}