{"cameraMode":{"drawMode":0,"name":"Shaded","section":"Shading Mode"},"sceneLighting":true,"audioPlay":false,"sceneViewState":{"showFog":true,"showMaterialUpdate":false,"showSkybox":true,"showFlares":true,"showImageEffects":true,"showParticleSystems":true},"in2DMode":false,"pivot":{"x":-11.333709716796875,"y":89.44917297363281,"z":47.049896240234378},"rotation":{"x":0.22440290451049806,"y":0.26639050245285036,"z":-0.06392105668783188,"w":0.9351972937583923},"size":2.332676410675049,"orthographic":false}